<?xml version="1.0" encoding="UTF-8" standalone="no"?>
<data>
<Guest_List>
<Guest>
<name>Thomas</name>
<address>Bukit Panjang Ring</address>
<country>Singapore</country>
<gender>M</gender>
<nationality>Singaporean</nationality>
<contact>27709979</contact>
<creditCardNo>1234567812345678</creditCardNo>
<creditCardCSV>819</creditCardCSV>
<creditCardExpDate>03/22</creditCardExpDate>
<identity>A2435768B</identity>
</Guest>
<Guest>
<name>Harvey</name>
<address>Chua Chu Kang</address>
<country>America</country>
<gender>M</gender>
<nationality>American</nationality>
<contact>93236376</contact>
<creditCardNo>9392205392195020</creditCardNo>
<creditCardCSV>852</creditCardCSV>
<creditCardExpDate>01/19</creditCardExpDate>
<identity>W2347891G</identity>
</Guest>
<Guest>
<name>Jennifer</name>
<address>Bukit Batok West</address>
<country>Germany</country>
<gender>F</gender>
<nationality>German</nationality>
<contact>99957164</contact>
<creditCardNo>7708713941079940</creditCardNo>
<creditCardCSV>754</creditCardCSV>
<creditCardExpDate>05/25</creditCardExpDate>
<identity>Q4561928S</identity>
</Guest>
<Guest>
<name>Greg</name>
<address>Punggol North</address>
<country>Mexico</country>
<gender>M</gender>
<nationality>Mexican</nationality>
<contact>60262926</contact>
<creditCardNo>1282395058259641</creditCardNo>
<creditCardCSV>681</creditCardCSV>
<creditCardExpDate>02/20</creditCardExpDate>
<identity>T5478311V</identity>
</Guest>
<Guest>
<name>Linus</name>
<address>Yew Tee Ring</address>
<country>Singapore</country>
<gender>M</gender>
<nationality>Singaporean</nationality>
<contact>31313008</contact>
<creditCardNo>8435136345391437</creditCardNo>
<creditCardCSV>982</creditCardCSV>
<creditCardExpDate>06/24</creditCardExpDate>
<identity>M8712873N</identity>
</Guest>
<Guest>
<name>Zack</name>
<address>Kranji Roa</address>
<country>Singapore</country>
<gender>M</gender>
<nationality>American</nationality>
<contact>77166044</contact>
<creditCardNo>5957664686565761</creditCardNo>
<creditCardCSV>745</creditCardCSV>
<creditCardExpDate>01/17</creditCardExpDate>
<identity>P3114068I</identity>
</Guest>
<Guest>
<name>Henry</name>
<address>Marsiling Drive</address>
<country>Singapore</country>
<gender>M</gender>
<nationality>German</nationality>
<contact>74225976</contact>
<creditCardNo>6146287770310156</creditCardNo>
<creditCardCSV>180</creditCardCSV>
<creditCardExpDate>02/24</creditCardExpDate>
<identity>F6560878H</identity>
</Guest>
<Guest>
<name>Lennard</name>
<address>Jurong East</address>
<country>Singapore</country>
<gender>M</gender>
<nationality>Singaporean</nationality>
<contact>97715695</contact>
<creditCardNo>8888444433337777</creditCardNo>
<creditCardCSV>616</creditCardCSV>
<creditCardExpDate>08/24</creditCardExpDate>
<identity>S9321001H</identity>
</Guest>
</Guest_List>
</data>
