<?xml version="1.0" encoding="UTF-8" standalone="no"?><data>
<reservation_list>
<reservation>
<resID>060691</resID>
<roomNo>0606</roomNo>
<roomType>Single</roomType>
<noOfGuest>1</noOfGuest>
<bedType>Master</bedType>
<smoking>Y</smoking>
<startDate>04/15/16</startDate>
<endDate>11/16/16</endDate>
<wifi>N</wifi>
<roomView>N</roomView>
<availability>Reserved</availability>
<checkInStatus>N</checkInStatus>
<name>Linus</name>
<address>Yew Tee Ring</address>
<country>Singapore</country>
<gender>M</gender>
<nationality>Singaporean</nationality>
<contact>31313008</contact>
<creditCardNo>8435136345391437</creditCardNo>
<creditCardCSV>982</creditCardCSV>
<creditCardExpDate>06/24</creditCardExpDate>
<identity>M8712873N</identity>
<resStatus>confirmed</resStatus>
<checkInDate>04/15/16</checkInDate>
<checkInTime>15:00</checkInTime>
</reservation>
<reservation>
<resID>020642</resID>
<roomNo>0206</roomNo>
<roomType>Double</roomType>
<noOfGuest>1</noOfGuest>
<bedType>Single</bedType>
<smoking>N</smoking>
<startDate>04/15/16</startDate>
<endDate>09/13/16</endDate>
<wifi>Y</wifi>
<roomView>Y</roomView>
<availability>Reserved</availability>
<checkInStatus>N</checkInStatus>
<name>Zack</name>
<address>Kranji Roa</address>
<country>Singapore</country>
<gender>M</gender>
<nationality>American</nationality>
<contact>77166044</contact>
<creditCardNo>5957664686565761</creditCardNo>
<creditCardCSV>745</creditCardCSV>
<creditCardExpDate>01/17</creditCardExpDate>
<identity>P3114068I</identity>
<resStatus>confirmed</resStatus>
<checkInDate>04/15/16</checkInDate>
<checkInTime>15:00</checkInTime>
</reservation>
<reservation>
<resID>030696</resID>
<roomNo>0306</roomNo>
<roomType>Deluxe</roomType>
<noOfGuest>1</noOfGuest>
<bedType>Double</bedType>
<smoking>N</smoking>
<startDate>04/15/16</startDate>
<endDate>05/15/16</endDate>
<wifi>N</wifi>
<roomView>N</roomView>
<availability>Occupied</availability>
<checkInStatus>Y</checkInStatus>
<name>Henry</name>
<address>Marsiling Drive</address>
<country>Singapore</country>
<gender>M</gender>
<nationality>German</nationality>
<contact>74225976</contact>
<creditCardNo>6146287770310156</creditCardNo>
<creditCardCSV>180</creditCardCSV>
<creditCardExpDate>02/24</creditCardExpDate>
<identity>F6560878H</identity>
<resStatus>confirmed</resStatus>
<checkInDate>04/15/16</checkInDate>
<checkInTime>15:00</checkInTime>
</reservation>

</reservation_list>
</data>