<?xml version="1.0" encoding="UTF-8" standalone="no"?><data>
<Menu>
	
	
	<item>
		<name>Peanuts</name>
		<price>3</price>
		<description>Premium Peanuts</description>
		<category>Snack</category>
	</item>
		
	<item>
		<name>M and M</name>
		<price>3.45</price>
		<description>Chocolates from the kids</description>
		<category>Snack</category>
	</item>
	
	<item>
		<name>Lays Potato Chips</name>
		<price>4.80</price>
		<description>Delicious Chips </description>
		<category>Snack</category>
	</item>
	
	<item>
		<name>Hello Panda</name>
		<price>9.99</price>
		<description>Little snacks for the kids</description>
		<category>Snack</category>
	</item>
	
	<item>
		<name>Jack Daniel's</name>
		<price>65.80</price>
		<description>Jack Daniel's Tennessee Whiskey </description>
		<category>Alcoholic</category>
	</item>
	
	<item>
		<name>600ml Heineken</name>
		<price>6.45</price>
		<description>Beer from Dutch </description>
		<category>Alcoholic</category>
	</item>
	
	<item>
		<name>Mineral Water 1L</name>
		<price>2</price>
		<description>Fresh From the Spring Mountain</description>
		<category>Beverage</category>
	</item>
		
	

	<item>
		<name>Coke</name>
		<price>8</price>
		<description>Soda Drink from Coco Cola</description>
		<category>Beverage</category>
	</item>

	<item>
		<name>Cappuccino</name>
		<price>4.80</price>
		<description>Fresh Brew from barrister</description>	
		<category>Beverage</category>
	</item>
	
	
	
	<item>
		<name>Char Kway Teow</name>
		<price>5</price>
		<description>Made from Singapore</description>
		<category>Main Course</category>
	</item>
	
	<item>
		<name>Chicken Rice</name>
		<price>8</price>
		<description>Best Chicken Rice in town !</description>
		<category>Main Course</category>		
	</item>

	<item>
		<name>Ice Kacang</name>
		<price>3.40</price>
		<description>Made in Singapore</description>
		<category>Dessert</category>			
	</item>

	<item>
		<name>Milo Cereal</name>
		<price>1.95</price>
		<description>Delicious Cereal for all ages</description>
		<category>Snack</category>
	</item>
	
	<item>
		<name>Kettle Chips</name>
		<price>3.95</price>
		<description>Chips</description>
		<category>Snack</category>
	</item>

	<item>
		<name>F&amp;N Nutri Soy</name>
		<price>2.50</price>
		<description>High in Calcium</description>
		<category>Beverage</category>
	</item>
	

<item>
<name>Chocolate</name>
<price>12</price>
<description>Nice and hot</description>
<category>Snack</category>
</item>
<item>
<name>Laska</name>
<price>6.50</price>
<description>Singapore's traditional spicy noodle</description>
<category>Main Course</category>
</item>
<item>
<name>Absolute Vodka</name>
<price>85</price>
<description>vodka 50% (mango, peach, etc.)</description>
<category>Alcoholic</category>
</item>
</Menu>
</data>