<?xml version="1.0" encoding="UTF-8" standalone="no"?>
<roomCharges>
	<room>
		<roomName>Single Room with View</roomName>
		<roomType>Single</roomType>
		<Withview>Y</Withview>
		<price>205</price>
	</room>

	<room>
		<roomName>Single Room without View </roomName>
		<roomType>Single</roomType>
		<Withview>N</Withview>
		<price>155</price>
	</room>


	<room>
		<roomName>Double Room with View </roomName>
		<roomType>Double</roomType>
		<Withview>Y</Withview>
		<price>305</price>
	</room>

	<room>
		<roomName>Double Room without View</roomName>
		<roomType>Double</roomType>
		<Withview>N</Withview>
		<price>255</price>
	</room>

	<room>
		<roomName>Deluxe Room without View</roomName>
		<roomType>Deluxe</roomType>
		<Withview>N</Withview>
		<price>355</price>
	</room>

	<room>
		<roomName>Deluxe Room with View</roomName>
		<roomType>Deluxe</roomType>
		<Withview>Y</Withview>
		<price>405</price>
	</room>

	<room>
		<roomName>VIP Room without View</roomName>
		<roomType>VIPSuite</roomType>
		<Withview>N</Withview>
		<price>455</price>
	</room>

	<room>
		<roomName>VIP Room with View</roomName>
		<roomType>VIPSuite</roomType>
		<Withview>Y</Withview>
		<price>505</price>
	</room>
</roomCharges>