<?xml version="1.0" encoding="UTF-8" standalone="no"?><data>
<Room_List>
<room>
<roomNo>0201</roomNo>
<roomType>Single</roomType>
<bedType>Single</bedType>
<smoking>Y</smoking>
<startDate>04/11/16</startDate>
<endDate>04/20/16</endDate>
<wifi>Y</wifi>
<roomView>Y</roomView>
<availability>Vacant</availability>
<checkInStatus>N</checkInStatus>
</room>
<room>
<roomNo>0302</roomNo>
<roomType>Double</roomType>
<bedType>Double</bedType>
<smoking>N</smoking>
<startDate>04/10/16</startDate>
<endDate>09/13/16</endDate>
<wifi>N</wifi>
<roomView>N</roomView>
<availability>Vacant</availability>
<checkInStatus>N</checkInStatus>
</room>
<room>
<roomNo>0403</roomNo>
<roomType>Deluxe</roomType>
<bedType>Master</bedType>
<smoking>Y</smoking>
<startDate>04/10/16</startDate>
<endDate>05/15/16</endDate>
<wifi>Y</wifi>
<roomView>N</roomView>
<availability>Occupied</availability>
<checkInStatus>N</checkInStatus>
</room>
<room>
<roomNo>0504</roomNo>
<roomType>VIPSuite</roomType>
<bedType>Double</bedType>
<smoking>N</smoking>
<startDate>04/10/16</startDate>
<endDate>07/20/16</endDate>
<wifi>N</wifi>
<roomView>Y</roomView>
<availability>Occupied</availability>
<checkInStatus>N</checkInStatus>
</room>
<room>
<roomNo>0202</roomNo>
<roomType>Single</roomType>
<bedType>Single</bedType>
<smoking>Y</smoking>
<startDate>00/00/00</startDate>
<endDate>00/00/00</endDate>
<wifi>Y</wifi>
<roomView>N</roomView>
<availability>Under Maintenance</availability>
<checkInStatus>N</checkInStatus>
</room>
<room>
<roomNo>0307</roomNo>
<roomType>Double</roomType>
<bedType>Double</bedType>
<smoking>N</smoking>
<startDate>00/00/00</startDate>
<endDate>00/00/00</endDate>
<wifi>N</wifi>
<roomView>Y</roomView>
<availability>Under Maintenance</availability>
<checkInStatus>N</checkInStatus>
</room>
<room>
<roomNo>0606</roomNo>
<roomType>Single</roomType>
<bedType>Master</bedType>
<smoking>Y</smoking>
<startDate>04/15/16</startDate>
<endDate>11/16/16</endDate>
<wifi>N</wifi>
<roomView>N</roomView>
<availability>Reserved</availability>
<checkInStatus>N</checkInStatus>
</room>
<room>
<roomNo>0206</roomNo>
<roomType>Double</roomType>
<bedType>Single</bedType>
<smoking>N</smoking>
<startDate>04/15/16</startDate>
<endDate>09/13/16</endDate>
<wifi>Y</wifi>
<roomView>Y</roomView>
<availability>Under Maintenance</availability>
<checkInStatus>N</checkInStatus>
</room>
<room>
<roomNo>0306</roomNo>
<roomType>Deluxe</roomType>
<bedType>Double</bedType>
<smoking>N</smoking>
<startDate>04/15/16</startDate>
<endDate>05/15/16</endDate>
<wifi>N</wifi>
<roomView>N</roomView>
<availability>Occupied</availability>
<checkInStatus>Y</checkInStatus>
</room>
</Room_List>
</data>