<?xml version="1.0" encoding="UTF-8" standalone="no"?>
<data>
<walkIn_list>


<walkIn>
<roomNo>0403</roomNo>
<roomType>Deluxe</roomType>
<noOfGuest>2</noOfGuest>
<bedType>Master</bedType>
<smoking>Y</smoking>
<startDate>04/10/16</startDate>
<endDate>05/15/16</endDate>
<wifi>Y</wifi>
<roomView>N</roomView>
<availability>Occupied</availability>
<checkInStatus>Y</checkInStatus>
<name>Jennifer</name>
<address>Bukit Batok West</address>
<country>Germany</country>
<gender>F</gender>
<nationality>German</nationality>
<contact>99957164</contact>
<creditCardNo>7708713941079940</creditCardNo>
<creditCardCSV>754</creditCardCSV>
<creditCardExpDate>05/25</creditCardExpDate>
<identity>Q4561928S</identity>
</walkIn>
<walkIn>
<roomNo>0504</roomNo>
<roomType>VIPSuite</roomType>
<noOfGuest>2</noOfGuest>
<bedType>Double</bedType>
<smoking>N</smoking>
<startDate>04/10/16</startDate>
<endDate>07/20/16</endDate>
<wifi>N</wifi>
<roomView>Y</roomView>
<availability>Occupied</availability>
<checkInStatus>Y</checkInStatus>
<name>Greg</name>
<address>Punggol North</address>
<country>Mexico</country>
<gender>M</gender>
<nationality>Mexican</nationality>
<contact>60262926</contact>
<creditCardNo>1282395058259641</creditCardNo>
<creditCardCSV>681</creditCardCSV>
<creditCardExpDate>02/20</creditCardExpDate>
<identity>T5478311V</identity>
</walkIn>
</walkIn_list>
</data>
